﻿{
  "baseAddress": "http://localhost:8200",
  "tokenVariableName": "VAULT_TOKEN",
  "configOverrides": [
    {
      "configKey": "connectionStrings:default",
      "vaultPath": "secret/data/dragon",
      "format": "server=(local);database=Administration;user={{ data.key1 }}; pwd={{ data.key2 }}"
    },
    {
      "configKey": "connectionStrings:default",
      "vaultPath": "secret/data/dragon",
      "format": "server=(local);database=SomeDb;user={{ data.key1 }}; pwd={{ data.key2 }}"
    }
  ]
}
