<?xml version="1.0"?>
<doc>
    <assembly>
        <name>Microservice.Platformer</name>
    </assembly>
    <members>
        <member name="P:Microservice.Platformer.v2.Contracts.BulkTemplateDocument.Id">
            <summary>
            Template identifier.
            </summary>
        </member>
        <member name="P:Microservice.Platformer.v2.Contracts.BulkTemplateDocument.Name">
            <summary>
            Template Name.
            </summary>
        </member>
        <member name="P:Microservice.Platformer.v2.Contracts.BulkTemplateDocument.Description">
            <summary>
            Short description of the template.
            </summary>
        </member>
        <member name="P:Microservice.Platformer.v2.Contracts.BulkTemplateDocument.DuplicationOptions">
            <summary>
            Duplication options. 
            </summary>
        </member>
        <member name="P:Microservice.Platformer.v2.Contracts.BulkTemplateDocument.DownloadHref">
            <summary>
            Download url
            </summary>
        </member>
        <member name="M:Microservice.Platformer.v2.Controllers.BulkTemplateController.Get(System.String)">
            <summary>
            Download data import template by id
            </summary>
            <param name="templateId">Template identifier</param>
            <returns>CSV representation of the template</returns>
        </member>
        <member name="M:Microservice.Platformer.v2.Controllers.BulkTemplateController.GetAll(System.Int32,System.Int32)">
            <summary>
            Returns a list of available templates
            </summary>
            <param name="top">The number of records to retrieve (default 100, max 500)</param>
            <param name="skip">Number of records to skip. Must be greater than or equal to zero</param>
            <returns>List of available templates</returns>
        </member>
        <!-- Badly formed XML comment ignored for member "T:Microservice.Platformer.v2.Scopes" -->
    </members>
</doc>
